--
-- PostgreSQL database dump
--

-- Dumped from database version 12.17 (Ubuntu 12.17-1.pgdg22.04+1)
-- Dumped by pg_dump version 12.17 (Ubuntu 12.17-1.pgdg22.04+1)

SET statement_timeout = 0;
SET lock_timeout = 0;
SET idle_in_transaction_session_timeout = 0;
SET client_encoding = 'UTF8';
SET standard_conforming_strings = on;
SELECT pg_catalog.set_config('search_path', '', false);
SET check_function_bodies = false;
SET xmloption = content;
SET client_min_messages = warning;
SET row_security = off;

DROP DATABASE universe;
--
-- Name: universe; Type: DATABASE; Schema: -; Owner: freecodecamp
--

CREATE DATABASE universe WITH TEMPLATE = template0 ENCODING = 'UTF8' LC_COLLATE = 'C.UTF-8' LC_CTYPE = 'C.UTF-8';


ALTER DATABASE universe OWNER TO freecodecamp;

\connect universe

SET statement_timeout = 0;
SET lock_timeout = 0;
SET idle_in_transaction_session_timeout = 0;
SET client_encoding = 'UTF8';
SET standard_conforming_strings = on;
SELECT pg_catalog.set_config('search_path', '', false);
SET check_function_bodies = false;
SET xmloption = content;
SET client_min_messages = warning;
SET row_security = off;

SET default_tablespace = '';

SET default_table_access_method = heap;

--
-- Name: continent; Type: TABLE; Schema: public; Owner: freecodecamp
--

CREATE TABLE public.continent (
    continent_id integer NOT NULL,
    name character varying(100) NOT NULL,
    population_million integer
);


ALTER TABLE public.continent OWNER TO freecodecamp;

--
-- Name: continent_continent_id_seq; Type: SEQUENCE; Schema: public; Owner: freecodecamp
--

CREATE SEQUENCE public.continent_continent_id_seq
    AS integer
    START WITH 1
    INCREMENT BY 1
    NO MINVALUE
    NO MAXVALUE
    CACHE 1;


ALTER TABLE public.continent_continent_id_seq OWNER TO freecodecamp;

--
-- Name: continent_continent_id_seq; Type: SEQUENCE OWNED BY; Schema: public; Owner: freecodecamp
--

ALTER SEQUENCE public.continent_continent_id_seq OWNED BY public.continent.continent_id;


--
-- Name: galaxy; Type: TABLE; Schema: public; Owner: freecodecamp
--

CREATE TABLE public.galaxy (
    galaxy_id integer NOT NULL,
    name character varying NOT NULL,
    speed_km_s integer,
    type text NOT NULL,
    number_of_stars_billion integer
);


ALTER TABLE public.galaxy OWNER TO freecodecamp;

--
-- Name: galaxy_galaxy_id_seq; Type: SEQUENCE; Schema: public; Owner: freecodecamp
--

CREATE SEQUENCE public.galaxy_galaxy_id_seq
    AS integer
    START WITH 1
    INCREMENT BY 1
    NO MINVALUE
    NO MAXVALUE
    CACHE 1;


ALTER TABLE public.galaxy_galaxy_id_seq OWNER TO freecodecamp;

--
-- Name: galaxy_galaxy_id_seq; Type: SEQUENCE OWNED BY; Schema: public; Owner: freecodecamp
--

ALTER SEQUENCE public.galaxy_galaxy_id_seq OWNED BY public.galaxy.galaxy_id;


--
-- Name: moon; Type: TABLE; Schema: public; Owner: freecodecamp
--

CREATE TABLE public.moon (
    moon_id integer NOT NULL,
    name character varying NOT NULL,
    diameter_km numeric,
    visited boolean,
    planet_id integer
);


ALTER TABLE public.moon OWNER TO freecodecamp;

--
-- Name: moon_moon_id_seq; Type: SEQUENCE; Schema: public; Owner: freecodecamp
--

CREATE SEQUENCE public.moon_moon_id_seq
    AS integer
    START WITH 1
    INCREMENT BY 1
    NO MINVALUE
    NO MAXVALUE
    CACHE 1;


ALTER TABLE public.moon_moon_id_seq OWNER TO freecodecamp;

--
-- Name: moon_moon_id_seq; Type: SEQUENCE OWNED BY; Schema: public; Owner: freecodecamp
--

ALTER SEQUENCE public.moon_moon_id_seq OWNED BY public.moon.moon_id;


--
-- Name: planet; Type: TABLE; Schema: public; Owner: freecodecamp
--

CREATE TABLE public.planet (
    planet_id integer NOT NULL,
    name character varying NOT NULL,
    population_million integer,
    visited boolean,
    star_id integer
);


ALTER TABLE public.planet OWNER TO freecodecamp;

--
-- Name: planet_planet_id_seq; Type: SEQUENCE; Schema: public; Owner: freecodecamp
--

CREATE SEQUENCE public.planet_planet_id_seq
    AS integer
    START WITH 1
    INCREMENT BY 1
    NO MINVALUE
    NO MAXVALUE
    CACHE 1;


ALTER TABLE public.planet_planet_id_seq OWNER TO freecodecamp;

--
-- Name: planet_planet_id_seq; Type: SEQUENCE OWNED BY; Schema: public; Owner: freecodecamp
--

ALTER SEQUENCE public.planet_planet_id_seq OWNED BY public.planet.planet_id;


--
-- Name: star; Type: TABLE; Schema: public; Owner: freecodecamp
--

CREATE TABLE public.star (
    star_id integer NOT NULL,
    name character varying NOT NULL,
    size character varying(10),
    galaxy_id integer,
    color character varying(20)
);


ALTER TABLE public.star OWNER TO freecodecamp;

--
-- Name: star_star_id_seq; Type: SEQUENCE; Schema: public; Owner: freecodecamp
--

CREATE SEQUENCE public.star_star_id_seq
    AS integer
    START WITH 1
    INCREMENT BY 1
    NO MINVALUE
    NO MAXVALUE
    CACHE 1;


ALTER TABLE public.star_star_id_seq OWNER TO freecodecamp;

--
-- Name: star_star_id_seq; Type: SEQUENCE OWNED BY; Schema: public; Owner: freecodecamp
--

ALTER SEQUENCE public.star_star_id_seq OWNED BY public.star.star_id;


--
-- Name: continent continent_id; Type: DEFAULT; Schema: public; Owner: freecodecamp
--

ALTER TABLE ONLY public.continent ALTER COLUMN continent_id SET DEFAULT nextval('public.continent_continent_id_seq'::regclass);


--
-- Name: galaxy galaxy_id; Type: DEFAULT; Schema: public; Owner: freecodecamp
--

ALTER TABLE ONLY public.galaxy ALTER COLUMN galaxy_id SET DEFAULT nextval('public.galaxy_galaxy_id_seq'::regclass);


--
-- Name: moon moon_id; Type: DEFAULT; Schema: public; Owner: freecodecamp
--

ALTER TABLE ONLY public.moon ALTER COLUMN moon_id SET DEFAULT nextval('public.moon_moon_id_seq'::regclass);


--
-- Name: planet planet_id; Type: DEFAULT; Schema: public; Owner: freecodecamp
--

ALTER TABLE ONLY public.planet ALTER COLUMN planet_id SET DEFAULT nextval('public.planet_planet_id_seq'::regclass);


--
-- Name: star star_id; Type: DEFAULT; Schema: public; Owner: freecodecamp
--

ALTER TABLE ONLY public.star ALTER COLUMN star_id SET DEFAULT nextval('public.star_star_id_seq'::regclass);


--
-- Data for Name: continent; Type: TABLE DATA; Schema: public; Owner: freecodecamp
--

INSERT INTO public.continent VALUES (1, 'Africa', 1300);
INSERT INTO public.continent VALUES (2, 'Asia', 4600);
INSERT INTO public.continent VALUES (3, 'Europe', 750);


--
-- Data for Name: galaxy; Type: TABLE DATA; Schema: public; Owner: freecodecamp
--

INSERT INTO public.galaxy VALUES (1, 'Milky Way', 552, 'Spiral', 100);
INSERT INTO public.galaxy VALUES (2, 'Andromeda', 301, 'Spiral', 100);
INSERT INTO public.galaxy VALUES (3, 'Triangulum', 190, 'Spiral', 40);
INSERT INTO public.galaxy VALUES (4, 'Messier 87', 1200, 'Elliptical', 100);
INSERT INTO public.galaxy VALUES (5, 'Whirlpool', 370, 'Spiral', 100);
INSERT INTO public.galaxy VALUES (6, 'Magellanic Clouds', 150, 'Irregular', 10);


--
-- Data for Name: moon; Type: TABLE DATA; Schema: public; Owner: freecodecamp
--

INSERT INTO public.moon VALUES (1, 'Moon', 3474.8, true, 3);
INSERT INTO public.moon VALUES (2, 'Phobos', 22.2, false, 4);
INSERT INTO public.moon VALUES (3, 'Deimos', 12.4, false, 4);
INSERT INTO public.moon VALUES (4, 'Io', 3637.4, false, 5);
INSERT INTO public.moon VALUES (5, 'Europa', 3121.6, false, 5);
INSERT INTO public.moon VALUES (6, 'Ganymede', 5262.4, false, 5);
INSERT INTO public.moon VALUES (7, 'Callisto', 4820.6, false, 5);
INSERT INTO public.moon VALUES (8, 'Titan', 5150, false, 6);
INSERT INTO public.moon VALUES (9, 'Rhea', 1527.6, false, 6);
INSERT INTO public.moon VALUES (10, 'Iapetus', 1469.6, false, 6);
INSERT INTO public.moon VALUES (11, 'Mimas', 396.4, false, 6);
INSERT INTO public.moon VALUES (12, 'Tethys', 1060.8, false, 6);
INSERT INTO public.moon VALUES (13, 'Enceladus', 252.1, false, 6);
INSERT INTO public.moon VALUES (14, 'Dione', 1122.8, false, 6);
INSERT INTO public.moon VALUES (15, 'Hyperion', 270.4, false, 6);
INSERT INTO public.moon VALUES (16, 'Phoebe', 106.6, false, 6);
INSERT INTO public.moon VALUES (17, 'Miranda', 235.8, false, 7);
INSERT INTO public.moon VALUES (18, 'Titania', 1577.8, false, 7);
INSERT INTO public.moon VALUES (19, 'Oberon', 1522.8, false, 7);
INSERT INTO public.moon VALUES (20, 'Umbriel', 1169.4, false, 7);


--
-- Data for Name: planet; Type: TABLE DATA; Schema: public; Owner: freecodecamp
--

INSERT INTO public.planet VALUES (1, 'Mercury', 0, false, 1);
INSERT INTO public.planet VALUES (2, 'Venus', 0, false, 1);
INSERT INTO public.planet VALUES (3, 'Earth', 7800, true, 1);
INSERT INTO public.planet VALUES (4, 'Mars', 0, false, 1);
INSERT INTO public.planet VALUES (5, 'Jupiter', 0, false, 1);
INSERT INTO public.planet VALUES (6, 'Saturn', 0, false, 1);
INSERT INTO public.planet VALUES (7, 'Uranus', 0, false, 1);
INSERT INTO public.planet VALUES (8, 'Neptune', 0, false, 1);
INSERT INTO public.planet VALUES (9, 'Sirius Prime', 0, false, 2);
INSERT INTO public.planet VALUES (10, 'Andromeda II', 0, false, 5);
INSERT INTO public.planet VALUES (11, 'Triangulum Alpha', 0, false, 6);
INSERT INTO public.planet VALUES (12, 'Triangulum Prime', 0, false, 6);


--
-- Data for Name: star; Type: TABLE DATA; Schema: public; Owner: freecodecamp
--

INSERT INTO public.star VALUES (1, 'Sun', 'Medium', 1, 'Yellow');
INSERT INTO public.star VALUES (2, 'Sirius', 'Large', 1, 'White');
INSERT INTO public.star VALUES (3, 'Alpha Centauri', 'Medium', 1, 'Yellow');
INSERT INTO public.star VALUES (4, 'Betelgeuse', 'Giant', 1, 'Red');
INSERT INTO public.star VALUES (5, 'Alpha Andromedae', 'Medium', 2, 'Blue');
INSERT INTO public.star VALUES (6, 'Delta Trianguli', 'Small', 3, 'White');


--
-- Name: continent_continent_id_seq; Type: SEQUENCE SET; Schema: public; Owner: freecodecamp
--

SELECT pg_catalog.setval('public.continent_continent_id_seq', 3, true);


--
-- Name: galaxy_galaxy_id_seq; Type: SEQUENCE SET; Schema: public; Owner: freecodecamp
--

SELECT pg_catalog.setval('public.galaxy_galaxy_id_seq', 6, true);


--
-- Name: moon_moon_id_seq; Type: SEQUENCE SET; Schema: public; Owner: freecodecamp
--

SELECT pg_catalog.setval('public.moon_moon_id_seq', 20, true);


--
-- Name: planet_planet_id_seq; Type: SEQUENCE SET; Schema: public; Owner: freecodecamp
--

SELECT pg_catalog.setval('public.planet_planet_id_seq', 12, true);


--
-- Name: star_star_id_seq; Type: SEQUENCE SET; Schema: public; Owner: freecodecamp
--

SELECT pg_catalog.setval('public.star_star_id_seq', 6, true);


--
-- Name: continent continent_name_key; Type: CONSTRAINT; Schema: public; Owner: freecodecamp
--

ALTER TABLE ONLY public.continent
    ADD CONSTRAINT continent_name_key UNIQUE (name);


--
-- Name: continent continent_pkey; Type: CONSTRAINT; Schema: public; Owner: freecodecamp
--

ALTER TABLE ONLY public.continent
    ADD CONSTRAINT continent_pkey PRIMARY KEY (continent_id);


--
-- Name: galaxy galaxy_name_key; Type: CONSTRAINT; Schema: public; Owner: freecodecamp
--

ALTER TABLE ONLY public.galaxy
    ADD CONSTRAINT galaxy_name_key UNIQUE (name);


--
-- Name: galaxy galaxy_pkey; Type: CONSTRAINT; Schema: public; Owner: freecodecamp
--

ALTER TABLE ONLY public.galaxy
    ADD CONSTRAINT galaxy_pkey PRIMARY KEY (galaxy_id);


--
-- Name: moon moon_name_key; Type: CONSTRAINT; Schema: public; Owner: freecodecamp
--

ALTER TABLE ONLY public.moon
    ADD CONSTRAINT moon_name_key UNIQUE (name);


--
-- Name: moon moon_pkey; Type: CONSTRAINT; Schema: public; Owner: freecodecamp
--

ALTER TABLE ONLY public.moon
    ADD CONSTRAINT moon_pkey PRIMARY KEY (moon_id);


--
-- Name: planet planet_name_key; Type: CONSTRAINT; Schema: public; Owner: freecodecamp
--

ALTER TABLE ONLY public.planet
    ADD CONSTRAINT planet_name_key UNIQUE (name);


--
-- Name: planet planet_pkey; Type: CONSTRAINT; Schema: public; Owner: freecodecamp
--

ALTER TABLE ONLY public.planet
    ADD CONSTRAINT planet_pkey PRIMARY KEY (planet_id);


--
-- Name: star star_name_key; Type: CONSTRAINT; Schema: public; Owner: freecodecamp
--

ALTER TABLE ONLY public.star
    ADD CONSTRAINT star_name_key UNIQUE (name);


--
-- Name: star star_pkey; Type: CONSTRAINT; Schema: public; Owner: freecodecamp
--

ALTER TABLE ONLY public.star
    ADD CONSTRAINT star_pkey PRIMARY KEY (star_id);


--
-- Name: star fk_galaxy; Type: FK CONSTRAINT; Schema: public; Owner: freecodecamp
--

ALTER TABLE ONLY public.star
    ADD CONSTRAINT fk_galaxy FOREIGN KEY (galaxy_id) REFERENCES public.galaxy(galaxy_id);


--
-- Name: moon fk_planet; Type: FK CONSTRAINT; Schema: public; Owner: freecodecamp
--

ALTER TABLE ONLY public.moon
    ADD CONSTRAINT fk_planet FOREIGN KEY (planet_id) REFERENCES public.planet(planet_id);


--
-- Name: planet fk_star; Type: FK CONSTRAINT; Schema: public; Owner: freecodecamp
--

ALTER TABLE ONLY public.planet
    ADD CONSTRAINT fk_star FOREIGN KEY (star_id) REFERENCES public.star(star_id);


--
-- PostgreSQL database dump complete
--

